gRNA_ID,Target,Strand,gRNA_seq,PAM,Hsu-Scott Score
SNP-1-1,rs76708468,-,TAATAGGGATATCATGTACC,AGG,88.0680099552492
SNP-1-2,rs76708468,-,TATTGTTCAGGATGTGAGCG,TGG,89.3027566286288
SNP-2-1,13:113875407_GC_G,+,TGAGTTGAGAACTGCGCGTC,AGG,96.0253171854126
SNP-2-2,13:113875407_GC_G,-,CTAGTTGTGCCCGCTGCTCG,GGG,90.7746844955981
SNP-3-1,rs117066769,-,GCTTCTCTCGGTTGGTCCAA,CGG,92.9820944813222
SNP-3-2,rs117066769,-,ACTGCTAAGCTTCTCTCGGT,TGG,92.4948332867565
SNP-4-1,rs515863,+,TCTATACCAGCACGGCTATG,GGG,96.1152291981022
SNP-4-2,rs515863,+,CCTCTATACCAGCACGGCTA,TGG,94.9516656583365
SNP-5-1,rs9604045,-,TAAGGGTTTCGGAGTGGCCG,AGG,90.3506498216236
SNP-5-2,rs9604045,-,CGCGCCTCTCAGAGGAGTTT,GGG,83.0321467568298
SNP-6-1,rs11753645,-,ATCTTGAAACACTTACGCAG,TGG,88.3811371178085
SNP-6-2,rs11753645,-,AACACTTACGCAGTGGTGTG,TGG,81.5761716617926
SNP-7-1,rs1546722,+,ATAAGGAAGGTCGTTAAACC,TGG,91.7137919092095
SNP-7-2,rs1546722,-,TTAACGACCTTCCTTATCAA,AGG,83.6614464623164
SNP-8-1,rs4575098,+,CAATGGGGAAGGTACTCAAT,TGG,84.8608577073543
SNP-8-2,rs4575098,+,TGGCCCCAGCAACAGTCAAT,GGG,81.0754232054402
SNP-9-1,rs580811,-,GGGCCTGACATTAGTCAAGC,TGG,71.9300678729562
SNP-9-2,rs580811,+,CCAGGTGCACAGAGTGGAAC,AGG,64.5492342069651
SNP-10-1,rs34286592,+,TTAACTGGGTTGAGACCGCG,GGG,95.8946454814563
SNP-10-2,rs34286592,-,GCGGTCTCAACCCAGTTAAC,CGG,93.9435971669041
SNP-11-1,1:198630156_CCA_C,-,ATTGATCCTAGTCACCTCTA,AGG,87.0779551989307
SNP-11-2,1:198630156_CCA_C,+,TAGCTGCTAACTTTCACACC,AGG,81.3896338867143
SNP-12-1,rs1326270,-,TAACAGCCCAAACATAACTC,TGG,84.8184359868888
SNP-12-2,rs1326270,+,AGAAATCCGTTGGAGATAAG,AGG,79.7985981556872
SNP-13-1,rs1326279,+,GTAGGGTCGTATTTCATATG,TGG,88.6181760480464
SNP-13-2,rs1326279,-,TGAAATACGACCCTACCAGT,AGG,87.2957519831219
SNP-14-1,rs1926231,-,CCATTTAATACACTTCCACC,TGG,82.566520551751
SNP-14-2,rs1926231,+,CCAGGTGGAAGTGTATTAAA,TGG,77.0692172201029
SNP-15-1,rs1998843,+,TTAATGGAGCCAAACCAAGC,TGG,80.2440460059154
SNP-15-2,rs1998843,-,TTACCACCACCAGCTTGGTT,TGG,79.6921294773792
SNP-16-1,rs4915152,-,CCCGAGAACATTAGCCTTAA,GGG,92.6008338775637
SNP-16-2,rs4915152,-,TCCCGAGAACATTAGCCTTA,AGG,91.6128197515431
SNP-17-1,rs6669994,+,GTACCCAAAACTAGCAGATT,GGG,84.5109298282786
SNP-17-2,rs6669994,+,AGTACCCAAAACTAGCAGAT,TGG,80.8932856971079
SNP-18-1,rs75567729,-,GCCGTGGCAAAGATTAACTT,TGG,87.8887297290789
SNP-18-2,rs75567729,-,CATTGATGGCTCTCTACATT,TGG,82.0287054939319
SNP-19-1,rs78900449,+,GACCCTGTGGACAATCTAGT,TGG,91.2710122613526
SNP-19-2,rs78900449,-,TCTCCAACTAGATTGTCCAC,AGG,83.1392567329348
SNP-20-1,1:207821519_AACAC_A,-,CATTATCTTCTTCAACTTCC,AGG,59.4818999817866
SNP-20-2,1:207821519_AACAC_A,+,TGGGAGGCTGAAGGGCGTGA,AGG,70.4715454875091
SNP-21-1,rs4526602,+,GATGCATCACCCTACCTGTC,AGG,83.2284471763952
SNP-21-2,rs4526602,+,GTGGGACTGTGCGTTCCCTA,AGG,88.4884208999047
SNP-22-1,rs11712192,-,TTATTCGCTTGCGGAAAATA,AGG,89.2886630046949
SNP-22-2,rs11712192,+,TGAGGCCGTGGCCGTCTCAC,AGG,88.7326412702688
SNP-23-1,rs181424108,+,GCTCACACAGTATTGATGAC,AGG,50.5085954976685
SNP-23-2,rs181424108,+,CTCACACAGTATTGATGACA,GGG,56.9293491253638
SNP-24-1,rs4916481,+,ACAATCGTCAAAGCCTCTGC,AGG,86.6339988354032
SNP-24-2,rs4916481,-,TAACTAGCTGAAGGCCGCTG,AGG,90.6223019679751
SNP-25-1,rs4916491,+,ATCACCGGCTTACATGTTAG,AGG,89.0577789897498
SNP-25-2,rs4916491,-,CTAACATGTAAGCCGGTGAT,AGG,93.0672489665937
SNP-26-1,rs9325434,+,GACTGTCAGTCCTACAGACG,AGG,88.824561025078
SNP-26-2,rs9325434,+,CACACTAGTTGGGCACAGAG,AGG,74.4498116748434
SNP-27-1,rs11525582,+,GCCAGTAAGTGGCTATGCTG,GGG,73.7810851315389
SNP-27-2,rs11525582,-,ACCCCAGCATAGCCACTTAC,TGG,63.5685949713507
SNP-28-1,rs9669611,+,GCGGTTCACATAGACAGCTG,TGG,82.1045145953649
SNP-28-2,rs9669611,+,AGCAGAGATTCCGTGACATC,AGG,85.9247330555
SNP-29-1,rs62581550,+,CTATCCTCTCAAATTAGCGG,AGG,93.7828708016168
SNP-29-2,rs62581550,+,GGGCGGACGTGCTCTGGATA,TGG,91.8785753784654
SNP-30-1,11:114087665_TTTA_T,-,TAGAAGCCTTATCTGTCCCC,TGG,77.5560590756885
SNP-30-2,11:114087665_TTTA_T,+,CTACTATGTGCTTAAATGCT,GGG,76.7378123135877
SNP-31-1,6:139855979_TA_T,-,AGTGTTAGGCTTGGCCTATC,TGG,91.9232520388652
SNP-31-2,6:139855979_TA_T,-,TTTAGCTTACCAGGGCAGTC,AGG,81.7323701090467
SNP-32-1,8:23079392_CT_C,+,GTTCCATGTAGTAAGGGTGC,AGG,83.6090823844838
SNP-32-2,8:23079392_CT_C,+,TTCCATGTAGTAAGGGTGCA,GGG,83.580066661038
SNP-33-1,rs1010848,-,TAAGCGATAGCAGCCCACCC,AGG,89.1552328377959
SNP-33-2,rs1010848,+,CTTAAGAACACGTCTGCCTC,TGG,78.1170079595056
SNP-34-1,rs10415219,+,TGCCAAATACGGCCTGCTCT,GGG,88.5854861764301
SNP-34-2,rs10415219,-,GCCCCAGAGCAGGCCGTATT,TGG,94.0981194206026
SNP-35-1,rs10445033,+,TGTGCCCGGCGATAAGGTCT,GGG,93.3404069098461
SNP-35-2,rs10445033,-,GCATCCCAGACCTTATCGCC,GGG,96.6692526665473
SNP-36-1,rs1065853,+,GCATACCACTAGGATTAATT,TGG,84.2535207436895
SNP-36-2,rs1065853,+,CATACCACTAGGATTAATTT,GGG,77.9353994953297
SNP-37-1,rs11032440,+,CGTCATTGCCTAAGGTTGTT,AGG,83.4667507161883
SNP-37-2,rs11032440,-,AACCTTAGGCAATGACGAAG,AGG,89.1887099633148
SNP-38-1,rs11189159,-,GAAAACCGCAACCCTGCAGT,TGG,81.761531213152
SNP-38-2,rs11189159,-,CTTCTCGTGATTGTGGCAGA,AGG,78.8686719524902
SNP-39-1,rs116132320,+,GCCCTGACCCAGCTTAGAAA,AGG,77.107612373804
SNP-39-2,rs116132320,-,CTCAAGGCTGTATTTGAGGG,CGG,74.2794070267975
SNP-40-1,rs11622216,-,CATCGCGATAAGATTATCGA,GGG,96.926000311084
SNP-40-2,rs11622216,-,ATCGCGATAAGATTATCGAG,GGG,98.319593946329
SNP-41-1,rs11731274,+,TCTACTCTAGATCCGATTCC,TGG,96.0566801870146
SNP-41-2,rs11731274,+,GGGTGACAAAACGAACTTGC,AGG,92.8437160438393
SNP-42-1,rs11820985,+,CTATATGGTGAGTCCGCCCT,GGG,94.2835765109696
SNP-42-2,rs11820985,+,CCTATATGGTGAGTCCGCCC,TGG,95.4648554968092
SNP-43-1,rs12127399,+,GTTGAACTTCTAATCGGGTG,AGG,88.1662223557499
SNP-43-2,rs12127399,-,CACCCGATTAGAAGTTCAAC,AGG,88.2502777182535
SNP-44-1,rs12784232,-,TTTCTGAAAGCGCGAGCTAG,CGG,96.3282185860495
SNP-44-2,rs12784232,+,CTAGCTCGCGCTTTCAGAAA,TGG,87.9017601244225
SNP-45-1,rs1293303,+,TACGCTTCCAACCCTCGAAT,GGG,97.3449659839327
SNP-45-2,rs1293303,+,ATACGCTTCCAACCCTCGAA,TGG,95.1425095931341
SNP-46-1,rs1346343,+,TTAGATGTAGCATTCAATTG,TGG,82.5570927634231
SNP-46-2,rs1346343,+,TAGATGTAGCATTCAATTGT,GGG,80.1810557416629
SNP-47-1,rs1563272,-,GCCGTAGCTCATGAGTTCTA,GGG,88.4987430801424
SNP-47-2,rs1563272,-,CTATTACGTGTTCACCCTGC,TGG,86.7548374783304
SNP-48-1,rs163803,-,GACAAGATGTGCGTCTGTGA,AGG,83.5933091205338
SNP-48-2,rs163803,-,GTGCGTCTGTGAAGGACTGC,GGG,77.8114758152116
SNP-49-1,rs17476364,+,TAGTGAACACCTAAGGCCGA,GGG,92.4479282156402
SNP-49-2,rs17476364,-,ATGTAGGAGTCGATCTGCCT,GGG,88.3974442232836
SNP-50-1,rs1876518,+,TCGGTGCAGGGCCGCTCCAC,TGG,87.4712211641348
SNP-50-2,rs1876518,-,ACGGTGAGATCTCTCTGCTC,AGG,81.5992564056935
SNP-51-1,rs200439949,+,GACAGGCATGTGTCCCCGTT,TGG,89.350263898399
SNP-51-2,rs200439949,-,AACGGGGACACATGCCTGTC,GGG,85.5384371152326
SNP-52-1,rs2028898,-,GATATTAGGCCGTCCTTCCC,TGG,90.1035739267191
SNP-52-2,rs2028898,-,GAGTGGTGTACCCTTCCAGC,TGG,83.3604989228338
SNP-53-1,rs2429454,-,ACTTGCGGTGCTTCCCTTTC,AGG,82.1245057669163
SNP-53-2,rs2429454,+,AAGGGAAGCACCGCAAGTCT,GGG,90.7318803948846
SNP-54-1,rs2719233,-,GACATAGGGCCTAAAAGCCA,AGG,70.8771214396329
SNP-54-2,rs2719233,-,ACATAGGGCCTAAAAGCCAA,GGG,76.0612603279049
SNP-55-1,rs2997995,+,CCTTGCCGTTAATCCTGTGG,AGG,82.6445074681598
SNP-55-2,rs2997995,-,TTACCCTCCCCACCCGTAAC,AGG,79.1450573030954
SNP-56-1,rs35249183,+,GGATCGTGATGTGATCAGTT,GGG,90.6677449056754
SNP-56-2,rs35249183,+,GATCGTGATGTGATCAGTTG,GGG,85.8159875774576
SNP-57-1,rs35305150,-,GGACCATCAAATCCTAGGGT,TGG,85.3742258732461
SNP-57-2,rs35305150,-,GACCATCAAATCCTAGGGTT,GGG,86.7226783734791
SNP-58-1,rs35362007,+,ACTAGTATGCCACCAGTTAC,TGG,88.9802613511197
SNP-58-2,rs35362007,-,TGGTGGCATACTAGTTGACA,AGG,90.7359767607675
SNP-59-1,rs35531439,-,CATTGTTCTCCGATGCTGAG,AGG,83.3758540820386
SNP-59-2,rs35531439,-,GTTGTATGTCTGCGTACATG,TGG,86.2824773536816
SNP-60-1,rs4147779,-,GGAAACCCCACCGTGTCGCT,GGG,95.0795786391569
SNP-60-2,rs4147779,+,CGACACGGTGGGGTTTCCCT,AGG,89.0919821694391
SNP-61-1,rs4737009,+,CCACCAGGAGCATCGCTGTT,GGG,92.0893856100985
SNP-61-2,rs4737009,-,TTCCCCAACAGCGATGCTCC,TGG,86.2724735180076
SNP-62-1,rs4761702,-,AGATGAGCAACTAACTGCCT,TGG,82.9372418817068
SNP-62-2,rs4761702,-,GATGAGCAACTAACTGCCTT,GGG,78.4885433689954
SNP-63-1,rs524137,+,GCTGGAAACCGTCACGGTTA,AGG,95.9611501283651
SNP-63-2,rs524137,+,TGGCTCGTGGGATGTCTACG,GGG,96.3759087524202
SNP-64-1,rs527890099,-,CTCTAATTGGTGCCTGGTTC,TGG,74.0088105332691
SNP-64-2,rs527890099,-,TGTGAGAGCCCAACAAAGTT,GGG,81.8842099557887
SNP-65-1,rs550065584,-,CACCGTGCGATAAACTTATC,AGG,96.6420310614992
SNP-65-2,rs550065584,+,ATAAGTTTATCGCACGGTGC,CGG,97.1178515645712
SNP-66-1,rs55731938,-,GGATAGCATATCATTAGTTG,TGG,86.139356279831
SNP-66-2,rs55731938,+,CAACTAATGATATGCTATCC,AGG,86.3284407014103
SNP-67-1,rs5811007,+,CTGGCTTCTCGTCCGAACGT,GGG,97.8693794050754
SNP-67-2,rs5811007,+,TCTGGCTTCTCGTCCGAACG,TGG,97.9286292444683
SNP-68-1,rs6063101,+,GACCGTTACGCGAAATGGAC,AGG,98.1752144710048
SNP-68-2,rs6063101,+,TCTCTGACCGTTACGCGAAA,TGG,99.3204778440871
SNP-69-1,rs62270945,-,GCTTAAATCGTTCCCTGCTT,TGG,78.3941115796132
SNP-69-2,rs62270945,-,TCAGGGCGAAGTGATTTATG,AGG,84.2180476438638
SNP-70-1,rs6578598,+,CTAGATAAAGGGAACGGCGT,GGG,94.1480619445449
SNP-70-2,rs6578598,+,GCTAGATAAAGGGAACGGCG,TGG,92.0466128455403
SNP-71-1,rs6899324,+,CCCTTAAAACAGTGCCTAGT,GGG,70.1266318655987
SNP-71-2,rs6899324,+,TAAAACAGTGCCTAGTGGGC,GGG,74.3882981040746
SNP-72-1,rs6924387,+,GAGGCAGATATAACGCATTT,GGG,90.3561856398612
SNP-72-2,rs6924387,+,TGAGGCAGATATAACGCATT,TGG,91.1611281102331
SNP-73-1,rs7200905,+,TAACGGGACGCACTGCTTCT,CGG,89.0667536182674
SNP-73-2,rs7200905,-,GTGCGTCCCGTTAACCTGCC,TGG,92.157729475281
SNP-74-1,rs7200918,-,TGGCGCGGCCACACTTATCT,GGG,94.9530462155747
SNP-74-2,rs7200918,+,CTTTCGACCTTAAGGAGGCG,AGG,93.869491922127
SNP-75-1,rs7256735,-,AATACCTTCTGAGTCACGGT,GGG,89.0502559206739
SNP-75-2,rs7256735,-,ATACCTTCTGAGTCACGGTG,GGG,83.4770957481893
SNP-76-1,rs73660574,+,TTGCATGGCGGCTGGCCCAA,GGG,80.3158336764446
SNP-76-2,rs73660574,+,TGTCGGCCTGGGTGCAGCGT,GGG,86.0357878727723
SNP-77-1,rs75522380,-,GTATCAGTTATGGCCAGACC,AGG,77.2653903936773
SNP-77-2,rs75522380,-,GTCAGCTTCAGTATCAGTTA,TGG,80.9228314089904
SNP-78-1,rs75925066,+,ACAGAGCACGTACACTAACT,AGG,93.4046926097245
SNP-78-2,rs75925066,-,GTACGTGCTCTGTGACCTAG,AGG,81.2619858861315
SNP-79-1,rs773303298,-,GCTGGCACTTCTTGACGTGA,GGG,93.2422910962515
SNP-79-2,rs773303298,-,CACTTCTTGACGTGAGGGTT,GGG,85.495850814228
SNP-80-1,rs77661738,+,CCCTACACAGACACGTGCGT,GGG,90.2610423993978
SNP-80-2,rs77661738,+,CCCCTACACAGACACGTGCG,TGG,89.9487732552676
SNP-81-1,rs7964008,+,CTTGACTTAGTAAGGGGCCC,AGG,83.9560376589822
SNP-81-2,rs7964008,-,CTGGGCCCCTTACTAAGTCA,AGG,87.5780921215425
SNP-82-1,rs79709502,-,CGTTGGATACAAGTGCGGTT,TGG,98.6606485768724
SNP-82-2,rs79709502,+,CCCAAACGTTCGTCTAATTG,AGG,97.8047100261643
SNP-83-1,rs79755767,-,CAAGCATCGGGGTAACCGCC,CGG,98.1841856555928
SNP-83-2,rs79755767,+,CGGGCGGTTACCCCGATGCT,TGG,96.5452248493298
SNP-84-1,rs8111617,+,TCTATTTAACAGATACTGGC,TGG,70.4431849822688
SNP-84-2,rs8111617,+,CTATTTAACAGATACTGGCT,GGG,63.3611266907238
SNP-85-1,rs836534,+,AGGGTACAGCGTCCGTTATG,TGG,96.2445405479709
SNP-85-2,rs836534,+,TCCGTTATGTGGTTCCTTAC,AGG,90.5343086256815
SNP-86-1,rs885074,-,CTCGCCCAGGTGACTCTGGT,GGG,73.3491063157905
SNP-86-2,rs885074,+,GGCCCCTCCCAGACATCTCG,GGG,78.4360140615932
SNP-87-1,rs9369425,+,CGGTTCACTTATTCTCATTG,TGG,84.7949212992056
SNP-87-2,rs9369425,-,GTCAGGCCACACTAACTGTC,AGG,90.6449200648808
SNP-88-1,rs9943081,+,CTTATCTTCAGTCAGCCGGC,AGG,90.5495251028583
SNP-88-2,rs9943081,+,GAACTGTACAGCGTTCTTAT,GGG,90.4435835403964
CD46-1,CD46,+,CACTGGATGCTTTGTGAGTT,GGG,72.9556012438309
CD46-2,CD46,+,ACTGGATGCTTTGTGAGTTG,GGG,69.3055069746992
CD52-1,CD52,-,TAGGTGATCTCAGGGCTGTC,TGG,70.7524635391029
CD52-2,CD52,-,GTGATCTCAGGGCTGTCTGG,AGG,69.1454161207985
HSPA8-1,HSPA8,-,GTGGAGCCGGGCTTGTGATT,GGG,83.6668696168185
HSPA8-2,HSPA8,-,AGTGGAGCCGGGCTTGTGAT,TGG,78.6050117978914
NMU-1,NMU,+,TGCGCTGCGCCACGCGTAGC,TGG,96.5486130045851
NMU-2,NMU,-,GGTGGAGCACCAGCTACGCG,TGG,88.6015371319036
PPIA-1,PPIA,-,TCTGCAAAACGGCACGAGCC,TGG,93.2318696166465
PPIA-2,PPIA,-,CGGCGGTGGCGTCTGCAAAA,CGG,87.3529154713449
RPL22-1,RPL22,+,CGCGGAGCCATACTAACCAC,AGG,94.9547026890984
RPL22-2,RPL22,-,CATGGCTCCTGTGGTTAGTA,TGG,86.6735732847089
NTC-1,nt,NA,CGCGGAAATTTTACCGACGA,NA,
NTC-2,nt,NA,CGTGTGTGGGTAAACGGAAA,NA,
NTC-3,nt,NA,GCCTGCCCTAAACCCCGGAA,NA,
NTC-4,nt,NA,CCGTGTTCCACAACTACCCT,NA,
NTC-5,nt,NA,ACAAACGACCTTGAGCAGGG,NA,
NTC-6,nt,NA,ATAGCGGATGTCCTTGGAAA,NA,
NTC-7,nt,NA,CATCTGTAGGGTTGCAAGCC,NA,
NTC-8,nt,NA,GCACGCTGTACAGACGACAA,NA,
NTC-9,nt,NA,AGGTCAAGCCGACCTCGAAC,NA,
NTC-10,nt,NA,CCGTTGATCCCCAGGCGTGC,NA,
NTC-11,nt,NA,AAAATAGCAGTAAACTCAAC,NA,
NTC-12,nt,NA,TGGAAAGCGAGCACACCGTC,NA,
CD55-1,CD55,-,CTCCGGCGTCATACGCCCCG,GGG,97.1224406680544
CD55-2,CD55,+,CCCCACTCTCCCCGAGTCTA,GGG,87.523895609384
CD55-3,CD55,-,GCCCTAGACTCGGGGAGAGT,GGG,82.3298410920902
CD55-4,CD55,-,GTGGTCAGAGGTGCGGTCAG,AGG,80.4099273522216
CD55-5,CD55,+,TCCCCACTCTCCCCGAGTCT,AGG,79.2602919515924
CD55-6,CD55,-,TGGTCAGAGGTGCGGTCAGA,GGG,74.1146957417326
CD55-7,CD55,-,GGCCCTAGACTCGGGGAGAG,TGG,73.6264917035478
CD55-8,CD55,-,CCCTAGACTCGGGGAGAGTG,GGG,71.3546468017595
CD55-9,CD55,-,GAGGTGCGGTCAGAGGGCTC,CGG,59.8957089567516
CD55-10,CD55,-,TAGACTCGGGGAGAGTGGGG,AGG,53.7407719536637
